{
  "definition": {
    "$schema": "https://schema.management.azure.com/providers/Microsoft.Logic/schemas/2016-06-01/workflowdefinition.json#",
    "actions": {
      "Initialize_variable": {
        "inputs": {
          "variables": [
            {
              "name": "GetProjectName",
              "type": "string",
              "value": "@parameters('projectname')"
            }
          ]
        },
        "runAfter": {},
        "type": "InitializeVariable"
      }
    },
    "contentVersion": "1.0.0.0",
    "outputs": {},
    "triggers": {
      "Recurrence": {
        "recurrence": {
          "frequency": "Second",
          "interval": 15
        },
        "type": "Recurrence"
      }
    }
  },
  "kind": "Stateful"
}