{
  "definition": {
    "$schema": "https://schema.management.azure.com/providers/Microsoft.Logic/schemas/2016-06-01/workflowdefinition.json#",
    "actions": {
      "Compose": {
        "inputs": "@triggerOutputs()?['body']?['contentData']",
        "runAfter": {},
        "type": "Compose"
      },
      "Terminate": {
        "inputs": {
          "runStatus": "Succeeded"
        },
        "runAfter": {
          "Compose": [
            "Succeeded"
          ]
        },
        "type": "Terminate"
      }
    },
    "contentVersion": "1.0.0.0",
    "outputs": {},
    "triggers": {
      "When_messages_are_available_in_a_queue": {
        "inputs": {
          "parameters": {
            "isSessionsEnabled": false,
            "queueName": "@appsetting('sb_empreq')"
          },
          "serviceProviderConfiguration": {
            "connectionName": "serviceBus",
            "operationId": "receiveQueueMessages",
            "serviceProviderId": "/serviceProviders/serviceBus"
          }
        },
        "splitOn": "@triggerOutputs()?['body']",
        "type": "ServiceProvider"
      }
    }
  },
  "kind": "Stateful"
}