{
  "serviceProviderConnections": {
    "serviceBus": {
      "parameterValues": {
        "connectionString": "@appsetting('serviceBus_connectionString')"
      },
      "serviceProvider": {
        "id": "/serviceProviders/serviceBus"
      },
      "displayName": "sbconnection"
    }
  },
  "managedApiConnections": {
    "azureblob": {
      "api": {
        "id": "/subscriptions/df453db0-c309-4d59-a3a0-7bd25e9552cd/providers/Microsoft.Web/locations/southindia/managedApis/azureblob"
      },
      "connection": {
        "id": "/subscriptions/df453db0-c309-4d59-a3a0-7bd25e9552cd/resourceGroups/myfirstrg/providers/Microsoft.Web/connections/azureblob-1"
      },
      "connectionRuntimeUrl": "https://5937b892383a8b3f.03.common.logic-southindia.azure-apihub.net/apim/azureblob/ac2d3bee4bfd41e7a46b455dbcfec423",
      "authentication": {
        "type": "ManagedServiceIdentity"
      }
    }
  }
}