{
  "definition": {
    "$schema": "https://schema.management.azure.com/providers/Microsoft.Logic/schemas/2016-06-01/workflowdefinition.json#",
    "actions": {
      "Initialize_variable": {
        "inputs": {
          "variables": [
            {
              "name": "HasAnyError",
              "type": "boolean",
              "value": false
            }
          ]
        },
        "runAfter": {
          "Initialize_variable_2": [
            "Succeeded"
          ]
        },
        "type": "InitializeVariable"
      },
      "Initialize_variable_2": {
        "inputs": {
          "variables": [
            {
              "name": "RunId",
              "type": "string",
              "value": "@{guid()}"
            }
          ]
        },
        "runAfter": {},
        "type": "InitializeVariable"
      },
      "Initialize_variable_3": {
        "inputs": {
          "variables": [
            {
              "name": "varCurrentProject",
              "type": "string",
              "value": "@{concat(parameters('projectname'),parameters('Version'))}"
            }
          ]
        },
        "runAfter": {
          "Initialize_variable_2": [
            "Succeeded"
          ]
        },
        "type": "InitializeVariable"
      }
    },
    "contentVersion": "1.0.0.0",
    "outputs": {},
    "triggers": {
      "Recurrence": {
        "recurrence": {
          "frequency": "Second",
          "interval": 15
        },
        "type": "Recurrence"
      }
    }
  },
  "kind": "Stateful"
}