{
  "definition": {
    "$schema": "https://schema.management.azure.com/providers/Microsoft.Logic/schemas/2016-06-01/workflowdefinition.json#",
    "actions": {
      "FetchOrderDetails": {
        "inputs": {
          "billTo": {
            "address": "123 Maple Street",
            "city": "Pretendville",
            "name": "John Smith",
            "state": "NY",
            "zip": "12345"
          },
          "name": "John Smith",
          "orderid": "@triggerBody()?['orderid']",
          "price": 23.95,
          "shipTo": {
            "address": "123 Maple Street",
            "city": "Pretendville",
            "name": "Jane Smith",
            "state": "NY",
            "zip": "12345"
          },
          "sku": "20223"
        },
        "runAfter": {},
        "type": "Compose"
      },
      "Response": {
        "inputs": {
          "body": "@outputs('FetchOrderDetails')",
          "statusCode": 201
        },
        "kind": "http",
        "runAfter": {
          "FetchOrderDetails": [
            "Succeeded"
          ]
        },
        "type": "Response"
      }
    },
    "contentVersion": "1.0.0.0",
    "outputs": {},
    "triggers": {
      "manual": {
        "inputs": {
          "method": "POST",
          "schema": {
            "properties": {
              "orderid": {
                "type": "string"
              }
            },
            "type": "object"
          }
        },
        "kind": "Http",
        "type": "Request"
      }
    }
  },
  "kind": "Stateful"
}