{
  "definition": {
    "$schema": "https://schema.management.azure.com/providers/Microsoft.Logic/schemas/2016-06-01/workflowdefinition.json#",
    "actions": {
      "Delay": {
        "inputs": {
          "interval": {
            "count": 1,
            "unit": "Minute"
          }
        },
        "runAfter": {},
        "type": "Wait"
      },
      "HTTP": {
        "inputs": {
          "body": {
            "messagefromwebhook": "triggered"
          },
          "method": "POST",
          "uri": "@triggerBody()?['webhookurl']"
        },
        "runAfter": {
          "Delay": [
            "Succeeded"
          ]
        },
        "type": "Http"
      }
    },
    "contentVersion": "1.0.0.0",
    "outputs": {},
    "triggers": {
      "manual": {
        "inputs": {
          "schema": {
            "properties": {
              "reqobject": {
                "properties": {
                  "firstname": {
                    "type": "string"
                  },
                  "lastname": {
                    "type": "string"
                  }
                },
                "type": "object"
              },
              "webhookurl": {
                "type": "string"
              }
            },
            "type": "object"
          }
        },
        "kind": "Http",
        "type": "Request"
      }
    }
  },
  "kind": "Stateful"
}