{
  "definition": {
    "$schema": "https://schema.management.azure.com/providers/Microsoft.Logic/schemas/2016-06-01/workflowdefinition.json#",
    "actions": {
      "Compose": {
        "inputs": {
          "employee_name:": "anand"
        },
        "runAfter": {},
        "type": "Compose"
      },
      "Response": {
        "inputs": {
          "body": "@outputs('Compose')",
          "statusCode": 201
        },
        "kind": "http",
        "runAfter": {
          "Send_message": [
            "Succeeded"
          ]
        },
        "type": "Response"
      },
      "Send_message": {
        "inputs": {
          "parameters": {
            "entityName": "@parameters('servicebus_empreq')",
            "message": {
              "contentData": "@outputs('Compose')"
            }
          },
          "serviceProviderConfiguration": {
            "connectionName": "serviceBus",
            "operationId": "sendMessage",
            "serviceProviderId": "/serviceProviders/serviceBus"
          }
        },
        "runAfter": {
          "Compose": [
            "Succeeded"
          ]
        },
        "type": "ServiceProvider"
      }
    },
    "contentVersion": "1.0.0.0",
    "outputs": {},
    "triggers": {
      "manual": {
        "inputs": {
          "method": "POST",
          "schema": {
            "properties": {
              "address": {
                "properties": {
                  "city": {
                    "type": "string"
                  },
                  "postalCode": {
                    "type": "string"
                  },
                  "state": {
                    "type": "string"
                  },
                  "streetAddress": {
                    "type": "string"
                  }
                },
                "type": "object"
              },
              "age": {
                "type": "integer"
              },
              "firstName": {
                "type": "string"
              },
              "lastName": {
                "type": "string"
              },
              "phoneNumber": {
                "items": {
                  "properties": {
                    "number": {
                      "type": "string"
                    },
                    "type": {
                      "type": "string"
                    }
                  },
                  "required": [
                    "type",
                    "number"
                  ],
                  "type": "object"
                },
                "type": "array"
              }
            },
            "type": "object"
          }
        },
        "kind": "Http",
        "type": "Request"
      }
    }
  },
  "kind": "Stateful"
}