{
  "definition": {
    "$schema": "https://schema.management.azure.com/providers/Microsoft.Logic/schemas/2016-06-01/workflowdefinition.json#",
    "actions": {
      "Compose": {
        "inputs": {
          "name": "@concat(triggerBody()?['name'],'',triggerBody()?['cars'])"
        },
        "runAfter": {
          "HTTP": [
            "Succeeded"
          ]
        },
        "type": "Compose"
      },
      "HTTP": {
        "inputs": {
          "method": "GET",
          "uri": "https://ff31-49-205-87-177.in.ngrok.io/"
        },
        "runAfter": {},
        "type": "Http"
      },
      "Response": {
        "inputs": {
          "body": "@outputs('Compose')",
          "statusCode": 201
        },
        "kind": "http",
        "runAfter": {
          "Compose": [
            "Succeeded"
          ]
        },
        "type": "Response"
      }
    },
    "contentVersion": "1.0.0.0",
    "outputs": {},
    "triggers": {
      "manual": {
        "inputs": {
          "method": "POST",
          "schema": {
            "properties": {
              "age": {
                "type": "integer"
              },
              "cars": {
                "items": {
                  "type": "string"
                },
                "type": "array"
              },
              "name": {
                "type": "string"
              }
            },
            "type": "object"
          }
        },
        "kind": "Http",
        "type": "Request"
      }
    }
  },
  "kind": "Stateful"
}